{"numOfIslands":3,"dimensions":5,"islands":[{"position":{"x":-3.372901439666748,"y":0.0,"z":-0.76250135898590088},"islandConfiguration":"1 0 0 1 1 1 0 1 0 0 1 0 1 0 1 1 0 0 0 1 0 1 0 0 0"},{"position":{"x":0.346534788608551,"y":0.0,"z":-0.54496228694915771},"islandConfiguration":"0 0 1 1 1 0 1 1 1 1 1 1 0 1 1 0 1 1 0 1 1 1 1 0 1"},{"position":{"x":1.8120560646057129,"y":0.0,"z":-4.5508060455322266},"islandConfiguration":"1 0 1 1 0 0 0 1 0 0 1 0 1 0 1 0 0 0 0 0 0 0 0 0 0"}]}